pdf,description,instructions,promt,output
molecules27031103.pdf,You are a PDF retrieval assistant.,"You specialize in chemistry of small molecules. In particular, your area is antibiotics and their properties.","Your task is to efficiently analyze the content of the provided article PDF and extract information about **ALL** structures of oxazolidinone antibiotics. Usually articles contain several experiments with oxazolidinone antibiotics with measured minimum inhibitory concentrations (MIC) against different bacteria. For each oxazolidinone antibiotic extract the following information: 
Compound ID: Each compound mentioned in an article usually has its own ID (for example, “1a”, “5”, “Cpd-12”).
SMILES: There can be two variants of how the molecule is depicted in the article. The first one is when a molecule is depicted fully in a figure. The second variant is when one figure shows a molecule scaffold and other figures (or tables) show residues that can be attached to the scaffold. Each figure refers to a certain compound by its ID. You should identify figures that contain structures of oxazolidinone antibiotics, match scaffolds and residues if applicable, and extract molecules as SMILES representations. You should take in account the chirality of molecules.
MIC: Look for mentions of Minimum Inhibitory Concentration (MIC or pMIC) values within the article. You should extract the type of MIC (MIC/pMIC), the exact value, units (for example, µg/mL, mM) and type of relation (>, <, or = if nothing mentioned).
Bacteria: Identify and extract the specific types of bacteria against which the MIC was measured. This information can be found in various sections, including figure and table captions. Commonly mentioned bacterial species names may include but are not limited to Escherichia coli, Staphylococcus aureus, Pseudomonas aeruginosa, and others. Record full names, abbreviations, or any related taxonomic identifiers.
If the article references multiple samples or variations of compounds tested, ensure to extract and compile each unique set of ‘ID’, ‘SMILES’, ‘MIC’, and ‘Bacteria’ information. Make sure to maintain the association between each SMILES notation and its corresponding MIC value along with the specific bacterial strain it pertains to. 
Your output should be in JSON format  and should not contain any explanatory text. Here is the example:
```json
[
{
‘Compound ID’: ‘1a’,
‘SMILES’: ‘CC1=CC=C(C=C1)C(=O)Nc2ccc(cc2)C(=O)N3CCCCC3=O’,
‘MIC’: {‘type’: ‘pMIC’, ‘relation’: ‘>’, ‘value’: ‘5.5’, ‘units’: ‘mmol/l’},
‘Bacteria’: ‘methicillin-susceptible S. aureus’
},
{
‘Compound ID’: ‘8’,
‘SMILES’: ‘CC1=CC=CC=C1N2C=NC3=CC=CC=C23’,
‘MIC’: {‘type’: MIC, ‘relation’: ‘=’, ‘value’: ‘125.4’, ‘units’: ‘µg/mL’},
‘Bacteria’: ‘E. coli’
}
]
```
Do not skip any entries. If multiple MICs are reported for the same compound against different bacteria, list them as separate entries. It is imperative that you should not make up any additional information or take the information you already know. If you did not find the parameter in the text, write ‘NaN’.","{""samples"":[{""Compound ID"":""11a"",""SMILES"":""(R)-((3-(6-morpholinopyridin-3-yl)-2-oxooxazolidin-5-yl)methyl cyclohexanecarboxylate)"",""MIC"":{""type"":""MIC"",""relation"":""="",""value"":""128"",""units"":""µg/mL""},""Bacteria"":""S. aureus (ATCC 25923)""},{""Compound ID"":""11b"",""SMILES"":""(R)-((3-(6-morpholinopyridin-3-yl)-2-oxooxazolidin-5-yl)methyl tetrahydrofuran-2-carboxylate)"",""MIC"":{""type"":""MIC"",""relation"":""="",""value"":""128"",""units"":""µg/mL""},""Bacteria"":""S. aureus (ATCC 25923)""},{""Compound ID"":""11c"",""SMILES"":""(R)-((3-(6-morpholinopyridin-3-yl)-2-oxooxazolidin-5-yl)methyl isocyanate)"",""MIC"":{""type"":""MIC"",""relation"":""="",""value"":"">256"",""units"":""µg/mL""},""Bacteria"":""S. aureus (ATCC 25923)""},{""Compound ID"":""11d"",""SMILES"":""(R)-((3-(6-morpholinopyridin-3-yl)-2-oxooxazolidin-5-yl)methyl isocyanate)"",""MIC"":{""type"":""MIC"",""relation"":""="",""value"":"">256"",""units"":""µg/mL""},""Bacteria"":""S. aureus (ATCC 25923)""},{""Compound ID"":""11e"",""SMILES"":""NaN"",""MIC"":{""type"":""MIC"",""relation"":""="",""value"":"">256"",""units"":""µg/mL""},""Bacteria"":""S. aureus (ATCC 25923)""},{""Compound ID"":""11f"",""SMILES"":""NaN"",""MIC"":{""type"":""MIC"",""relation"":""="",""value"":""256"",""units"":""µg/mL""},""Bacteria"":""S. aureus (ATCC 25923)""},{""Compound ID"":""11g"",""SMILES"":""NaN"",""MIC"":{""type"":""MIC"",""relation"":""="",""value"":""256"",""units"":""µg/mL""},""Bacteria"":""S. pneumoniae (ATCC 49619)""},{""Compound ID"":""11h"",""SMILES"":""NaN"",""MIC"":{""type"":""MIC"",""relation"":""="",""value"":""128"",""units"":""µg/mL""},""Bacteria"":""S. aureus (ATCC 25923)""},{""Compound ID"":""11i"",""SMILES"":""NaN"",""MIC"":{""type"":""MIC"",""relation"":""="",""value"":"">256"",""units"":""µg/mL""},""Bacteria"":""S. aureus (ATCC 25923)""},{""Compound ID"":""12a"",""SMILES"":""(R)-(3-(6-(4-(cyclohexanecarbonyl)piperazin-1-yl)pyridin-3-yl)-2-oxooxazolidin-5-yl)methyl methanesulfonate"",""MIC"":{""type"":""MIC"",""relation"":""="",""value"":""32"",""units"":""µg/mL""},""Bacteria"":""S. aureus (ATCC 25923)""},{""Compound ID"":""12b"",""SMILES"":""(R)-(2-oxo-3-(6-(4-(4-(trifluoromethyl)benzoyl)piperazin-1-yl)pyridin-3-yl)oxazolidin-5-yl)methyl methanesulfonate"",""MIC"":{""type"":""MIC"",""relation"":""="",""value"":""128"",""units"":""µg/mL""},""Bacteria"":""S. aureus (ATCC 25923)""},{""Compound ID"":""12c"",""SMILES"":""(R)-(2-oxo-3-(6-(4-(3-phenylpropanoyl)piperazin-1-yl)pyridin-3-yl)oxazolidin-5-yl)methyl methanesulfonate"",""MIC"":{""type"":""MIC"",""relation"":""="",""value"":""64"",""units"":""µg/mL""},""Bacteria"":""S. aureus (ATCC 25923)""},{""Compound ID"":""12d"",""SMILES"":""(R,E)-(2-oxo-3-(6-(4-(3-(pyridin-3-yl)acryloyl)piperazin-1-yl)pyridin-3-yl)oxazolidin-5-yl)methyl methanesulfonate"",""MIC"":{""type"":""MIC"",""relation"":""="",""value"":""32"",""units"":""µg/mL""},""Bacteria"":""S. aureus (ATCC 25923)""},{""Compound ID"":""12e"",""SMILES"":""(R)-(3-(6-(4-(cyclohexylcarbamoyl)piperazin-1-yl)pyridin-3-yl)-2-oxooxazolidin-5-yl)methyl methanesulfonate"",""MIC"":{""type"":""MIC"",""relation"":""="",""value"":""32"",""units"":""µg/mL""},""Bacteria"":""S. aureus (ATCC 25923)""},{""Compound ID"":""12f"",""SMILES"":""(R)-((3-(6-(4-(4-chlorophenyl)carbamoyl)piperazin-1-yl)pyridin-3-yl)-2-oxooxazolidin-5-yl)methyl methanesulfonate"",""MIC"":{""type"":""MIC"",""relation"":""="",""value"":""128"",""units"":""µg/mL""},""Bacteria"":""S. aureus (ATCC 25923)""},{""Compound ID"":""12g"",""SMILES"":""(R)-(3-(6-(4-((4-fluorophenyl)sulfonyl)piperazin-1-yl)pyridin-3-yl)-2-oxooxazolidin-5-yl)methyl methanesulfonate"",""MIC"":{""type"":""MIC"",""relation"":""="",""value"":""128"",""units"":""µg/mL""},""Bacteria"":""S. aureus (ATCC 25923)""},{""Compound ID"":""12h"",""SMILES"":""(R)-(3-(6-(4-((2,4-difluorophenyl)sulfonyl)piperazin-1-yl)pyridin-3-yl)-2-oxooxazolidin-5-yl)methyl methanesulfonate"",""MIC"":{""type"":""MIC"",""relation"":""="",""value"":""128"",""units"":""µg/mL""},""Bacteria"":""S. aureus (ATCC 25923)""}]}"
ph16040516.pdf,You are a PDF retrieval assistant.,"You specialize in chemistry of small molecules. In particular, your area is antibiotics and their properties.","Your task is to efficiently analyze the content of the provided article PDF and extract information about **ALL** structures of oxazolidinone antibiotics. Usually articles contain several experiments with oxazolidinone antibiotics with measured minimum inhibitory concentrations (MIC) against different bacteria. For each oxazolidinone antibiotic extract the following information: 
Compound ID: Each compound mentioned in an article usually has its own ID (for example, “1a”, “5”, “Cpd-12”).
SMILES: There can be two variants of how the molecule is depicted in the article. The first one is when a molecule is depicted fully in a figure. The second variant is when one figure shows a molecule scaffold and other figures (or tables) show residues that can be attached to the scaffold. Each figure refers to a certain compound by its ID. You should identify figures that contain structures of oxazolidinone antibiotics, match scaffolds and residues if applicable, and extract molecules as SMILES representations. You should take in account the chirality of molecules.
MIC: Look for mentions of Minimum Inhibitory Concentration (MIC or pMIC) values within the article. You should extract the type of MIC (MIC/pMIC), the exact value, units (for example, µg/mL, mM) and type of relation (>, <, or = if nothing mentioned).
Bacteria: Identify and extract the specific types of bacteria against which the MIC was measured. This information can be found in various sections, including figure and table captions. Commonly mentioned bacterial species names may include but are not limited to Escherichia coli, Staphylococcus aureus, Pseudomonas aeruginosa, and others. Record full names, abbreviations, or any related taxonomic identifiers.
If the article references multiple samples or variations of compounds tested, ensure to extract and compile each unique set of ‘ID’, ‘SMILES’, ‘MIC’, and ‘Bacteria’ information. Make sure to maintain the association between each SMILES notation and its corresponding MIC value along with the specific bacterial strain it pertains to. 
Your output should be in JSON format  and should not contain any explanatory text. Here is the example:
```json
[
{
‘Compound ID’: ‘1a’,
‘SMILES’: ‘CC1=CC=C(C=C1)C(=O)Nc2ccc(cc2)C(=O)N3CCCCC3=O’,
‘MIC’: {‘type’: ‘pMIC’, ‘relation’: ‘>’, ‘value’: ‘5.5’, ‘units’: ‘mmol/l’},
‘Bacteria’: ‘methicillin-susceptible S. aureus’
},
{
‘Compound ID’: ‘8’,
‘SMILES’: ‘CC1=CC=CC=C1N2C=NC3=CC=CC=C23’,
‘MIC’: {‘type’: MIC, ‘relation’: ‘=’, ‘value’: ‘125.4’, ‘units’: ‘µg/mL’},
‘Bacteria’: ‘E. coli’
}
]
```
Do not skip any entries. If multiple MICs are reported for the same compound against different bacteria, list them as separate entries. It is imperative that you should not make up any additional information or take the information you already know. If you did not find the parameter in the text, write ‘NaN’.","{""samples"":[{""Compound ID"":""2"",""SMILES"":""NaN"",""MIC"":{""type"":""MIC"",""relation"":""<"",""value"":""1.17"",""units"":""µg/mL""},""Bacteria"":""Bacillus subtilis MTCC 121""},{""Compound ID"":""2"",""SMILES"":""NaN"",""MIC"":{""type"":""MIC"",""relation"":""<"",""value"":""1.17"",""units"":""µg/mL""},""Bacteria"":""Staphylococcus aureus MLS-16 MTCC 2940""},{""Compound ID"":""2"",""SMILES"":""NaN"",""MIC"":{""type"":""MIC"",""relation"":""<"",""value"":""1.17"",""units"":""µg/mL""},""Bacteria"":""Pseudomonas aeruginosa MTCC 2453""},{""Compound ID"":""3a"",""SMILES"":""NaN"",""MIC"":{""type"":""MIC"",""relation"":""<"",""value"":""1.17"",""units"":""µg/mL""},""Bacteria"":""Bacillus subtilis MTCC 121""},{""Compound ID"":""3a"",""SMILES"":""NaN"",""MIC"":{""type"":""MIC"",""relation"":""<"",""value"":""1.17"",""units"":""µg/mL""},""Bacteria"":""Staphylococcus aureus MLS-16 MTCC 2940""},{""Compound ID"":""3a"",""SMILES"":""NaN"",""MIC"":{""type"":""MIC"",""relation"":""<"",""value"":""1.17"",""units"":""µg/mL""},""Bacteria"":""Pseudomonas aeruginosa MTCC 2453""},{""Compound ID"":""3b"",""SMILES"":""NaN"",""MIC"":{""type"":""MIC"",""relation"":""="",""value"":""2.34"",""units"":""µg/mL""},""Bacteria"":""Bacillus subtilis MTCC 121""},{""Compound ID"":""3c"",""SMILES"":""NaN"",""MIC"":{""type"":""MIC"",""relation"":""="",""value"":""4.68"",""units"":""µg/mL""},""Bacteria"":""Staphylococcus aureus MLS-16 MTCC 2940""},{""Compound ID"":""3d"",""SMILES"":""NaN"",""MIC"":{""type"":""MIC"",""relation"":""="",""value"":""18.75"",""units"":""µg/mL""},""Bacteria"":""Bacillus subtilis MTCC 121""},{""Compound ID"":""3f"",""SMILES"":""NaN"",""MIC"":{""type"":""MIC"",""relation"":""="",""value"":""9.36"",""units"":""µg/mL""},""Bacteria"":""Pseudomonas aeruginosa MTCC 2453""},{""Compound ID"":""4a"",""SMILES"":""NaN"",""MIC"":{""type"":""MIC"",""relation"":""="",""value"":""9.36"",""units"":""µg/mL""},""Bacteria"":""Bacillus subtilis MTCC 121""},{""Compound ID"":""4b"",""SMILES"":""NaN"",""MIC"":{""type"":""MIC"",""relation"":""="",""value"":""37.5"",""units"":""µg/mL""},""Bacteria"":""Staphylococcus aureus MLS-16 MTCC 2940""},{""Compound ID"":""4c"",""SMILES"":""NaN"",""MIC"":{""type"":""MIC"",""relation"":""="",""value"":""2.34"",""units"":""µg/mL""},""Bacteria"":""Bacillus subtilis MTCC 121""}]}"
